{"options":{"check_for_updates":true,"comment":null,"compatopts_for_requires":true,"compat_wrappedjsobject":false,"compat_metadata":false,"compat_foreach":false,"compat_arrayleft":false,"compat_uW_gmonkey":false,"compat_forvarin":false,"noframes":null,"awareOfChrome":false,"run_at":null,"override":{"use_includes":[],"orig_includes":["http*://www.goodreads.com/book/show/*","http*://www.goodreads.com/list/show/*","http*://www.goodreads.com/search*","http*://www.goodreads.com/author/show/*","http*://www.goodreads.com/author/list/*","http*://www.goodreads.com/series/*","http*://bibliotik.me/requests/create/ebooks*","http*://bibliotik.me/upload/ebooks*","http*://redacted.ch/upload.php","http*://brokenstones.club/upload.php"],"merge_includes":true,"use_matches":[],"orig_matches":[],"merge_matches":true,"use_excludes":[],"orig_excludes":[],"merge_excludes":true,"use_connects":[],"merge_connects":true,"use_blockers":[],"orig_run_at":"document-idle","orig_noframes":null}},"settings":{"enabled":true,"position":21},"meta":{"name":"BIB :: GoodReads","uuid":"724f98e8-af70-4f90-9d9d-1eb953bea701","modified":1698087026897}}