{"options":{"check_for_updates":true,"comment":null,"compatopts_for_requires":true,"compat_wrappedjsobject":false,"compat_metadata":false,"compat_foreach":false,"compat_arrayleft":false,"compat_uW_gmonkey":false,"compat_forvarin":false,"noframes":null,"awareOfChrome":false,"run_at":null,"override":{"use_includes":[],"orig_includes":["http*://*.overdrive.com/*","http*://*.overdrive.com/account/settings","http*://*.overdrive.com/collection/*","http*://*.overdrive.com/collections/*/*","http*://*.overdrive.com/creators/*/*","http*://*.overdrive.com/media/*/*","http*://*.overdrive.com/search*","http*://*.overdrive.com/subjects*","http*://*.libraryreserve.com/*/*/MyAccount*","http*://*.libraryreserve.com/*/*/*/MyAccount*","http*://*.libraryreserve.com/*/*/*/MyCompleteWishList*","http*://*.libraryreserve.com/*/*/*/WaitingListForm*","http*://*.libraryreserve.com/*/*/*/*/ContentDetails*","http*://*.libraryreserve.com/*/*/*/*/Default*","http*://*.libraryreserve.com/*/*/*/*/SearchResults*","http*://*.lib.overdrive.com/*/*/*/*/ContentDetails*","http*://*.lib.overdrive.com/*/*/*/*/Default*","http*://*.lib.overdrive.com/*/*/*/*/SearchResults*","http*://*.live-brary.com/*/*/*/*/Default*","http*://*.live-brary.com/*/*/*/*/SearchResults*","http*://*.live-brary.com/*/*/*/*/ContentDetails*","http*://*.*.org/*/*/*/*/ContentDetails*","http*://*.*.org/*/*/*/*/Default*","http*://*.*.org/*/*/*/*/SearchResults*","http*://*.*.org/*/*/*/*/WaitingListForm*"],"merge_includes":true,"use_matches":[],"orig_matches":[],"merge_matches":true,"use_excludes":[],"orig_excludes":[],"merge_excludes":true,"use_connects":[],"merge_connects":true,"use_blockers":[],"orig_run_at":"document-idle","orig_noframes":null}},"settings":{"enabled":true,"position":13},"meta":{"name":"BIB :: OverDrive","uuid":"618f2587-9e6b-457f-9910-2249093ecce4","modified":1697659947770}}