{"options":{"check_for_updates":true,"comment":null,"compatopts_for_requires":true,"compat_wrappedjsobject":false,"compat_metadata":false,"compat_foreach":false,"compat_arrayleft":false,"compat_prototypes":true,"compat_uW_gmonkey":false,"compat_forvarin":false,"noframes":null,"awareOfChrome":false,"run_at":null,"override":{"use_includes":[],"orig_includes":[],"merge_includes":true,"use_matches":[],"orig_matches":["https://broadcasthe.net/user.php?id=*"],"merge_matches":true,"use_excludes":[],"orig_excludes":[],"merge_excludes":true,"use_connects":[],"merge_connects":true,"use_blockers":[],"orig_run_at":"document-idle","orig_noframes":null}},"settings":{"enabled":true,"position":39},"meta":{"name":"BTN Normal Profiles","uuid":"cee1833d-4202-4676-beea-ea681381ceeb","modified":1704559766431,"file_url":"https://gist.github.com/P0L1Z31/b8eb28e75a720ffe7b89a16fd1759a4a/raw/12318eefae99e9ada89a73bde9d64d0e193659d1/btn-normal-profiles.user.js"}}