{"options":{"check_for_updates":true,"comment":null,"compatopts_for_requires":true,"compat_wrappedjsobject":false,"compat_metadata":false,"compat_foreach":false,"compat_arrayleft":false,"compat_uW_gmonkey":false,"compat_forvarin":false,"noframes":null,"awareOfChrome":false,"run_at":null,"override":{"use_includes":[],"orig_includes":[],"merge_includes":true,"use_matches":[],"orig_matches":["https://broadcasthe.net/upload.php"],"merge_matches":true,"use_excludes":[],"orig_excludes":[],"merge_excludes":true,"use_connects":[],"merge_connects":true,"use_blockers":[],"orig_run_at":"document-end","orig_noframes":null}},"settings":{"enabled":true,"position":38},"meta":{"name":"BTN Upload Autofill","uuid":"cc42be4f-6c99-4af7-80f2-d9110be809bd","modified":1707163287957,"file_url":"https://gitea.com/Jimbo/PT-Userscripts/raw/branch/main/btn-autofill.user.js"}}