{"data":{"discogs_scout":"s{\"aftertitle\":\"\",\"mod_icons_size\":\"32\",\"iconsborder_size\":\"3px\",\"cfg_iconsize\":\"22\",\"timeout_ms\":\"30000 ms\",\"debug_sites\":false,\"auto_search\":true,\"hide_missing\":false,\"greybackground_view\":true,\"all_in_one_bar\":false,\"run_artistpages\":false,\"remove_ep\":true,\"highlight_sites\":\"RED,OPS\",\"show_AllMusic\":false,\"show_Amazon\":false,\"show_Apple Music\":false,\"show_Bandcamp\":false,\"show_Beatport\":false,\"show_Bleep\":false,\"show_CorruptNet-Trace\":false,\"show_Decks\":false,\"show_Deejay\":false,\"show_Deezer\":false,\"show_eBay\":false,\"show_Genius\":false,\"show_Google\":false,\"show_Juno\":false,\"show_JunoDownload\":false,\"show_Last.fm\":false,\"show_MusicBrainz\":false,\"show_Qobuz\":false,\"show_RYM\":false,\"show_SoundCloud\":false,\"show_Spotify\":false,\"show_Spotify-App\":false,\"show_Tidal\":false,\"show_TPB-Proxy\":false,\"show_Wikipedia\":false,\"show_YouTube\":false,\"show_1Gabba\":true,\"show_1Techno\":true,\"show_1Trance\":true,\"show_Alterportal\":true,\"show_BitSearch\":true,\"show_BoxAlbums\":true,\"show_Core Radio\":true,\"show_DW\":false,\"show_FLAC Attack\":true,\"show_Gabber.od.ua\":true,\"show_GetMetal Club\":true,\"show_InternetArchive\":false,\"show_Knaben\":false,\"show_LeakedAlbums\":false,\"show_Lossless-music\":true,\"show_Metal-Tracker\":false,\"show_Metal-Tracker-Discography\":false,\"show_Mp3db\":true,\"show_New Album Releases\":true,\"show_NNM\":true,\"show_NNM-Discography\":false,\"show_NZBKing\":false,\"show_PandaCD\":false,\"show_PunkTorrents\":true,\"show_RlsBB\":false,\"show_RockBox\":false,\"show_RuT\":true,\"show_RuT-Discography\":false,\"show_Sharing-DB\":false,\"show_SunXDCC\":false,\"show_TakeMetal\":false,\"show_TGx\":false,\"show_The Last Disaster\":false,\"show_TPB\":false,\"show_XDCC\":false,\"show_zHouse\":true,\"show_AnimeBytes\":false,\"show_Bemaniso\":false,\"show_HQMusic\":false,\"show_JPop\":true,\"show_JPop-Req\":false,\"show_KG-Release\":true,\"show_KrayTracker\":false,\"show_KrayTracker-Req\":false,\"show_LiB\":false,\"show_LiB-Req\":false,\"show_RMT\":false,\"show_RMT-Discography\":false,\"show_OPS\":true,\"show_OPS-Req\":false,\"show_RED\":true,\"show_RED-Req\":false,\"show_Voidtools\":false,\"show_Voidtools-App\":false,\"show_YesAsia\":false,\"show_CorruptNet-Pre\":false,\"show_PreDB.de\":false,\"show_PreDB.me\":false,\"show_PreDB.org\":false,\"show_PreDB.pw\":false,\"show_srrDB\":false,\"show_xREL\":false}"},"ts":1711287009658}