{"options":{"check_for_updates":false,"comment":null,"compatopts_for_requires":true,"compat_wrappedjsobject":false,"compat_metadata":false,"compat_foreach":false,"compat_arrayleft":false,"compat_prototypes":true,"compat_uW_gmonkey":false,"compat_forvarin":false,"noframes":null,"awareOfChrome":false,"run_at":null,"override":{"use_includes":[],"orig_includes":["https://www.discogs.com/artist/*","https://www.discogs.com/master/*","https://www.discogs.com/release/*","https://www.discogs.com/label/*","https://www.discogs.com/user/*/collection*","https://www.discogs.com/wantlist*","https://www.discogs.com/mywantlist*","https://www.discogs.com/lists/*","https://www.discogs.com/*/artist/*","https://www.discogs.com/*/master/*","https://www.discogs.com/*/release/*","https://www.discogs.com/*/label/*","https://www.discogs.com/*/user/*/collection*","https://www.discogs.com/*/wantlist*","https://www.discogs.com/*/mywantlist*","https://www.discogs.com/*/lists/*"],"merge_includes":true,"use_matches":[],"orig_matches":[],"merge_matches":true,"use_excludes":[],"orig_excludes":[],"merge_excludes":true,"use_connects":["*"],"merge_connects":true,"use_blockers":[],"orig_run_at":"document-start","orig_noframes":true,"orig_connects":["*"]}},"settings":{"enabled":true,"position":22},"meta":{"name":"Discogs Scout","uuid":"b5d02aea-16d2-45a2-a6c7-09a21bd9a5c2","modified":1732436828590}}