{"options":{"check_for_updates":false,"comment":null,"compatopts_for_requires":true,"compat_wrappedjsobject":false,"compat_metadata":false,"compat_foreach":false,"compat_arrayleft":false,"compat_prototypes":true,"compat_uW_gmonkey":false,"compat_forvarin":false,"noframes":null,"awareOfChrome":false,"run_at":null,"override":{"use_includes":[],"orig_includes":[],"merge_includes":true,"use_matches":[],"orig_matches":["https://*/torrents.php?id=*","https://hawke.uno/torrents/*","http://*/torrents.php?id=*","https://broadcasthe.net/torrents.php?torrentid=*","http://*/details.php?id=*","https://*/details.php?id=*","https://totheglory.im/t/*","https://beyond-hd.me/torrents/*","https://blutopia.xyz/torrents/*","https://blutopia.xyz/torrents?*","https://blutopia.xyz/upload/*","https://blutopia.cc/torrents/*","https://blutopia.cc/torrents?*","https://blutopia.cc/upload/*","https://pt.hdpost.top/torrents?*","https://pt.hdpost.top/torrents/*","https://asiancinema.me/torrents/*","https://asiancinema.me/torrents?*","https://aither.cc/torrents/*","https://aither.cc/torrents?*","https://ptpimg.me/*","https://*/upload*","http://*/upload*","https://www.hd.ai/Torrents.upload","https://www.hd.ai/Torrents.index?*","https://broadcity.in/browse.php?imdb=*","https://privatehd.to/torrent/*","https://avistaz.to/torrent/*","https://cinemaz.to/torrent/*","https://piratethenet.org/browse.php?*","https://teamhd.org/details/id*","https://hd-space.org/index.php?page=upload","https://hd-space.org/index.php?page=torrent-details&id=*","https://speedapp.io/browse/*","https://zhuque.in/torrent/upload","https://monikadesign.uk/torrents/*","https://*.m-team.cc/detail/*","https://monikadesign.uk/torrents?*","https://monikadesign.uk/upload/*","https://lst.gg/torrents/*","https://lst.gg/torrents?*"],"merge_matches":true,"use_excludes":[],"orig_excludes":["https://privatehd.to/torrent/peers*","https://avistaz.to/torrent/peers*","https://privatehd.to/torrent/history*","https://avistaz.to/torrent/history*","https://cinemaz.to/torrent/peers*","https://cinemaz.to/torrent/history*"],"merge_excludes":true,"use_connects":["imgbox.com","ptpimg.me","www.imagebam.com","pixhost.to","passthepopcorn.me","www.douban.com","m.douban.com","movie.douban.com","p.media-imdb.com","gifyu.com","hdbits.org","ibb.co","beyondhd.co","catbox.moe","tmdb.org"],"merge_connects":true,"use_blockers":[],"orig_run_at":"document-end","orig_noframes":null,"orig_connects":[]}},"settings":{"enabled":true,"position":27},"meta":{"name":"EasyUpload PT一键转种","uuid":"7c522f39-c1bd-4248-979e-f9709a8689c9","modified":1732436999747}}