{"data":{"easy-seed.douban-closed":"schecked","easy-seed.douban-cookie":"s","easy-seed.enabled-batch-seed-sites":"s[]","easy-seed.enabled-search-site-list":"s[\"Aither\",\"ANT\",\"AvistaZ\",\"BeyondHD\",\"Blutopia\",\"BTN\",\"BTSCHOOL\",\"CHDBits\",\"CinemaZ\",\"DaJiao\",\"FL\",\"GPW\",\"HDAtmos\",\"HDBits\",\"HDDolby\",\"HDHome\",\"HDSpace\",\"HDT\",\"HDU\",\"Huno\",\"KG\",\"MTeam\",\"MTV\",\"OldTW\",\"OpenSub\",\"PrivateHD\",\"PTHome\",\"PTP\",\"SpeedApp\",\"TMDB\",\"UHDBits\",\"豆瓣电影\"]","easy-seed.enabled-target-sites":"s[\"Aither\",\"BeyondHD\",\"Blutopia\",\"BTSCHOOL\",\"CHDBits\",\"DaJiao\",\"GPW\",\"HDAtmos\",\"HDBits\",\"HDDolby\",\"HDHome\",\"HDSpace\",\"HDT\",\"HDU\",\"KG\",\"MTeam\",\"OldTW\",\"PTHome\",\"PTP\",\"SpeedApp\",\"UHDBits\"]","easy-seed.ptp-img-api-key":"s23afcabb-5ee3-464b-aa7c-03e26fdbc2a1","easy-seed.quick-search-closed":"s","easy-seed.site-favicon-closed":"s","easy-seed.thanks-quote-closed":"s","easy-seed.transfer-img-closed":"s","easy-seed.upload-img-closed":"s","uploadInfo":"o{\"title\":\"Star Wars Andor S01 1080p DSNP WEB-DL DDPA5.1 H.264-NTb\",\"subtitle\":\"\",\"description\":\"[quote][quote]This release is sourced from Disney+[/quote]\\nGeneral\\nUnique ID                                : 272676951188488805871561988373870896373 (0xCD23ABA8C26232B6DD2BAC376AD564F5)\\nComplete name                            : Star.Wars.Andor.S01E01.Kassa.1080p.DSNP.WEB-DL.DDP5.1.H.264-NTb.mkv\\nFormat                                   : Matroska\\nFormat version                           : Version 4\\nFile size                                : 1.85 GiB\\nDuration                                 : 39 min 10 s\\nOverall bit rate mode                    : Variable\\nOverall bit rate                         : 6 758 kb/s\\nWriting application                      : mkvmerge v70.0.0 ('Caught A Lite Sneeze') 64-bit\\nWriting library                          : libebml v1.4.2 + libmatroska v1.6.4\\n\\nVideo\\nID                                       : 1\\nFormat                                   : AVC\\nFormat/Info                              : Advanced Video Codec\\nFormat profile                           : High@L4\\nFormat settings                          : CABAC / 4 Ref Frames\\nFormat settings, CABAC                   : Yes\\nFormat settings, Reference frames        : 4 frames\\nCodec ID                                 : V_MPEG4/ISO/AVC\\nDuration                                 : 39 min 10 s\\nBit rate mode                            : Variable\\nBit rate                                 : 5 985 kb/s\\nMaximum bit rate                         : 12.7 Mb/s\\nWidth                                    : 1 920 pixels\\nHeight                                   : 1 080 pixels\\nDisplay aspect ratio                     : 16:9\\nFrame rate mode                          : Constant\\nFrame rate                               : 24.000 FPS\\nColor space                              : YUV\\nChroma subsampling                       : 4:2:0\\nBit depth                                : 8 bits\\nScan type                                : Progressive\\nBits/(Pixel*Frame)                       : 0.120\\nStream size                              : 1.64 GiB (89%)\\nDefault                                  : Yes\\nForced                                   : No\\nColor range                              : Limited\\nColor primaries                          : BT.709\\nTransfer characteristics                 : BT.709\\nMatrix coefficients                      : BT.709\\n\\nAudio\\nID                                       : 2\\nFormat                                   : E-AC-3 JOC\\nFormat/Info                              : Enhanced AC-3 with Joint Object Coding\\nCommercial name                          : Dolby Digital Plus with Dolby Atmos\\nCodec ID                                 : A_EAC3\\nDuration                                 : 39 min 10 s\\nBit rate mode                            : Constant\\nBit rate                                 : 768 kb/s\\nChannel(s)                               : 6 channels\\nChannel layout                           : L R C LFE Ls Rs\\nSampling rate                            : 48.0 kHz\\nFrame rate                               : 31.250 FPS (1536 SPF)\\nCompression mode                         : Lossy\\nStream size                              : 215 MiB (11%)\\nLanguage                                 : English\\nService kind                             : Complete Main\\nDefault                                  : Yes\\nForced                                   : No\\nComplexity index                         : 16\\nNumber of dynamic objects                : 15\\nBed channel count                        : 1 channel\\nBed channel configuration                : LFE\\n\\nText #1\\nID                                       : 3\\nFormat                                   : UTF-8\\nCodec ID                                 : S_TEXT/UTF8\\nCodec ID/Info                            : UTF-8 Plain Text\\nDuration                                 : 33 min 7 s\\nBit rate                                 : 59 b/s\\nCount of elements                        : 444\\nStream size                              : 14.5 KiB (0%)\\nLanguage                                 : English\\nDefault                                  : No\\nForced                                   : No\\n\\nText #2\\nID                                       : 4\\nFormat                                   : UTF-8\\nCodec ID                                 : S_TEXT/UTF8\\nCodec ID/Info                            : UTF-8 Plain Text\\nDuration                                 : 35 min 25 s\\nBit rate                                 : 63 b/s\\nCount of elements                        : 527\\nStream size                              : 16.4 KiB (0%)\\nTitle                                    : SDH\\nLanguage                                 : English\\nDefault                                  : No\\nForced                                   : No\\n\\nText #3\\nID                                       : 5\\nFormat                                   : UTF-8\\nCodec ID                                 : S_TEXT/UTF8\\nCodec ID/Info                            : UTF-8 Plain Text\\nDuration                                 : 37 min 31 s\\nBit rate                                 : 47 b/s\\nCount of elements                        : 445\\nStream size                              : 13.0 KiB (0%)\\nLanguage                                 : Czech\\nDefault                                  : No\\nForced                                   : No\\n\\nText #4\\nID                                       : 6\\nFormat                                   : UTF-8\\nCodec ID                                 : S_TEXT/UTF8\\nCodec ID/Info                            : UTF-8 Plain Text\\nDuration                                 : 37 min 31 s\\nBit rate                                 : 49 b/s\\nCount of elements                        : 318\\nStream size                              : 13.7 KiB (0%)\\nLanguage                                 : Danish\\nDefault                                  : No\\nForced                                   : No\\n\\nText #5\\nID                                       : 7\\nFormat                                   : UTF-8\\nCodec ID                                 : S_TEXT/UTF8\\nCodec ID/Info                            : UTF-8 Plain Text\\nDuration                                 : 37 min 32 s\\nBit rate                                 : 50 b/s\\nCount of elements                        : 464\\nStream size                              : 13.9 KiB (0%)\\nLanguage                                 : German\\nDefault                                  : No\\nForced                                   : No\\n\\nText #6\\nID                                       : 8\\nFormat                                   : UTF-8\\nCodec ID                                 : S_TEXT/UTF8\\nCodec ID/Info                            : UTF-8 Plain Text\\nDuration                                 : 37 min 31 s\\nBit rate                                 : 88 b/s\\nCount of elements                        : 447\\nStream size                              : 24.2 KiB (0%)\\nLanguage                                 : Greek\\nDefault                                  : No\\nForced                                   : No\\n\\nText #7\\nID                                       : 9\\nFormat                                   : UTF-8\\nCodec ID                                 : S_TEXT/UTF8\\nCodec ID/Info                            : UTF-8 Plain Text\\nDuration                                 : 37 min 31 s\\nBit rate                                 : 49 b/s\\nCount of elements                        : 447\\nStream size                              : 13.7 KiB (0%)\\nTitle                                    : Spanish (Latin America)\\nLanguage                                 : Spanish\\nDefault                                  : No\\nForced                                   : No\\n\\nText #8\\nID                                       : 10\\nFormat                                   : UTF-8\\nCodec ID                                 : S_TEXT/UTF8\\nCodec ID/Info                            : UTF-8 Plain Text\\nDuration                                 : 37 min 31 s\\nBit rate                                 : 50 b/s\\nCount of elements                        : 448\\nStream size                              : 13.8 KiB (0%)\\nTitle                                    : Spanish (Spain)\\nLanguage                                 : Spanish\\nDefault                                  : No\\nForced                                   : No\\n\\nText #9\\nID                                       : 11\\nFormat                                   : UTF-8\\nCodec ID                                 : S_TEXT/UTF8\\nCodec ID/Info                            : UTF-8 Plain Text\\nDuration                                 : 37 min 31 s\\nBit rate                                 : 50 b/s\\nCount of elements                        : 446\\nStream size                              : 13.9 KiB (0%)\\nLanguage                                 : Finnish\\nDefault                                  : No\\nForced                                   : No\\n\\nText #10\\nID                                       : 12\\nFormat                                   : UTF-8\\nCodec ID                                 : S_TEXT/UTF8\\nCodec ID/Info                            : UTF-8 Plain Text\\nDuration                                 : 33 min 5 s\\nBit rate                                 : 52 b/s\\nCount of elements                        : 438\\nStream size                              : 12.6 KiB (0%)\\nTitle                                    : French (Canada)\\nLanguage                                 : French\\nDefault                                  : No\\nForced                                   : No\\n\\nText #11\\nID                                       : 13\\nFormat                                   : UTF-8\\nCodec ID                                 : S_TEXT/UTF8\\nCodec ID/Info                            : UTF-8 Plain Text\\nDuration                                 : 37 min 32 s\\nBit rate                                 : 46 b/s\\nCount of elements                        : 439\\nStream size                              : 12.7 KiB (0%)\\nTitle                                    : French (France)\\nLanguage                                 : French\\nDefault                                  : No\\nForced                                   : No\\n\\nText #12\\nID                                       : 14\\nFormat                                   : UTF-8\\nCodec ID                                 : S_TEXT/UTF8\\nCodec ID/Info                            : UTF-8 Plain Text\\nDuration                                 : 37 min 31 s\\nBit rate                                 : 48 b/s\\nCount of elements                        : 447\\nStream size                              : 13.2 KiB (0%)\\nLanguage                                 : Hungarian\\nDefault                                  : No\\nForced                                   : No\\n\\nText #13\\nID                                       : 15\\nFormat                                   : UTF-8\\nCodec ID                                 : S_TEXT/UTF8\\nCodec ID/Info                            : UTF-8 Plain Text\\nDuration                                 : 37 min 31 s\\nBit rate                                 : 52 b/s\\nCount of elements                        : 448\\nStream size                              : 14.5 KiB (0%)\\nLanguage                                 : Italian\\nDefault                                  : No\\nForced                                   : No\\n\\nText #14\\nID                                       : 16\\nFormat                                   : UTF-8\\nCodec ID                                 : S_TEXT/UTF8\\nCodec ID/Info                            : UTF-8 Plain Text\\nDuration                                 : 38 min 44 s\\nBit rate                                 : 36 b/s\\nCount of elements                        : 458\\nStream size                              : 10.5 KiB (0%)\\nLanguage                                 : Japanese\\nDefault                                  : No\\nForced                                   : No\\n\\nText #15\\nID                                       : 17\\nFormat                                   : UTF-8\\nCodec ID                                 : S_TEXT/UTF8\\nCodec ID/Info                            : UTF-8 Plain Text\\nDuration                                 : 38 min 44 s\\nBit rate                                 : 53 b/s\\nCount of elements                        : 449\\nStream size                              : 15.2 KiB (0%)\\nLanguage                                 : Korean\\nDefault                                  : No\\nForced                                   : No\\n\\nText #16\\nID                                       : 18\\nFormat                                   : UTF-8\\nCodec ID                                 : S_TEXT/UTF8\\nCodec ID/Info                            : UTF-8 Plain Text\\nDuration                                 : 37 min 31 s\\nBit rate                                 : 48 b/s\\nCount of elements                        : 369\\nStream size                              : 13.2 KiB (0%)\\nLanguage                                 : Dutch\\nDefault                                  : No\\nForced                                   : No\\n\\nText #17\\nID                                       : 19\\nFormat                                   : UTF-8\\nCodec ID                                 : S_TEXT/UTF8\\nCodec ID/Info                            : UTF-8 Plain Text\\nDuration                                 : 37 min 31 s\\nBit rate                                 : 45 b/s\\nCount of elements                        : 448\\nStream size                              : 12.6 KiB (0%)\\nLanguage                                 : Norwegian\\nDefault                                  : No\\nForced                                   : No\\n\\nText #18\\nID                                       : 20\\nFormat                                   : UTF-8\\nCodec ID                                 : S_TEXT/UTF8\\nCodec ID/Info                            : UTF-8 Plain Text\\nDuration                                 : 38 min 44 s\\nBit rate                                 : 48 b/s\\nCount of elements                        : 443\\nStream size                              : 13.9 KiB (0%)\\nLanguage                                 : Polish\\nDefault                                  : No\\nForced                                   : No\\n\\nText #19\\nID                                       : 21\\nFormat                                   : UTF-8\\nCodec ID                                 : S_TEXT/UTF8\\nCodec ID/Info                            : UTF-8 Plain Text\\nDuration                                 : 37 min 31 s\\nBit rate                                 : 55 b/s\\nCount of elements                        : 447\\nStream size                              : 15.1 KiB (0%)\\nTitle                                    : Portuguese (Brazil)\\nLanguage                                 : Portuguese\\nDefault                                  : No\\nForced                                   : No\\n\\nText #20\\nID                                       : 22\\nFormat                                   : UTF-8\\nCodec ID                                 : S_TEXT/UTF8\\nCodec ID/Info                            : UTF-8 Plain Text\\nDuration                                 : 37 min 31 s\\nBit rate                                 : 48 b/s\\nCount of elements                        : 448\\nStream size                              : 13.3 KiB (0%)\\nTitle                                    : Portuguese (Portugal)\\nLanguage                                 : Portuguese\\nDefault                                  : No\\nForced                                   : No\\n\\nText #21\\nID                                       : 23\\nFormat                                   : UTF-8\\nCodec ID                                 : S_TEXT/UTF8\\nCodec ID/Info                            : UTF-8 Plain Text\\nDuration                                 : 38 min 44 s\\nBit rate                                 : 50 b/s\\nCount of elements                        : 447\\nStream size                              : 14.4 KiB (0%)\\nLanguage                                 : Romanian\\nDefault                                  : No\\nForced                                   : No\\n\\nText #22\\nID                                       : 24\\nFormat                                   : UTF-8\\nCodec ID                                 : S_TEXT/UTF8\\nCodec ID/Info                            : UTF-8 Plain Text\\nDuration                                 : 37 min 31 s\\nBit rate                                 : 49 b/s\\nCount of elements                        : 448\\nStream size                              : 13.6 KiB (0%)\\nLanguage                                 : Slovak\\nDefault                                  : No\\nForced                                   : No\\n\\nText #23\\nID                                       : 25\\nFormat                                   : UTF-8\\nCodec ID                                 : S_TEXT/UTF8\\nCodec ID/Info                            : UTF-8 Plain Text\\nDuration                                 : 37 min 31 s\\nBit rate                                 : 45 b/s\\nCount of elements                        : 291\\nStream size                              : 12.5 KiB (0%)\\nLanguage                                 : Swedish\\nDefault                                  : No\\nForced                                   : No\\n\\nText #24\\nID                                       : 26\\nFormat                                   : UTF-8\\nCodec ID                                 : S_TEXT/UTF8\\nCodec ID/Info                            : UTF-8 Plain Text\\nDuration                                 : 38 min 44 s\\nBit rate                                 : 50 b/s\\nCount of elements                        : 448\\nStream size                              : 14.3 KiB (0%)\\nLanguage                                 : Turkish\\nDefault                                  : No\\nForced                                   : No\\n\\nText #25\\nID                                       : 27\\nFormat                                   : UTF-8\\nCodec ID                                 : S_TEXT/UTF8\\nCodec ID/Info                            : UTF-8 Plain Text\\nDuration                                 : 38 min 44 s\\nBit rate                                 : 41 b/s\\nCount of elements                        : 450\\nStream size                              : 11.9 KiB (0%)\\nTitle                                    : Chinese (Hong Kong SAR China)\\nLanguage                                 : Chinese\\nDefault                                  : No\\nForced                                   : No\\n\\nText #26\\nID                                       : 28\\nFormat                                   : UTF-8\\nCodec ID                                 : S_TEXT/UTF8\\nCodec ID/Info                            : UTF-8 Plain Text\\nDuration                                 : 38 min 44 s\\nBit rate                                 : 41 b/s\\nCount of elements                        : 450\\nStream size                              : 11.8 KiB (0%)\\nTitle                                    : Chinese (Simplified)\\nLanguage                                 : Chinese\\nDefault                                  : No\\nForced                                   : No\\n\\nText #27\\nID                                       : 29\\nFormat                                   : UTF-8\\nCodec ID                                 : S_TEXT/UTF8\\nCodec ID/Info                            : UTF-8 Plain Text\\nDuration                                 : 38 min 44 s\\nBit rate                                 : 36 b/s\\nCount of elements                        : 449\\nStream size                              : 10.2 KiB (0%)\\nTitle                                    : Chinese (Traditional)\\nLanguage                                 : Chinese\\nDefault                                  : No\\nForced                                   : No\\n\\n\\n[url=https://imgbin.broadcasthe.net/i/nK-QeeRu1nCdoCAloJz0A.png][img]https://imgbin.broadcasthe.net/i/zcuPfVVgN8ths-6LZNUsr.jpeg[/img][/url] [url=https://imgbin.broadcasthe.net/i/KNsvCLBBpjWVGXlDzzww4.png][img]https://imgbin.broadcasthe.net/i/sKQy5558D03orHCsNqW7J.jpeg[/img][/url] [url=https://imgbin.broadcasthe.net/i/JUkCiUERCs2Ac86U9Kh44.png][img]https://imgbin.broadcasthe.net/i/ZrM95lv5WmmMn0cCttfXJ.jpeg[/img][/url] [url=https://imgbin.broadcasthe.net/i/5hTdnBjfQk6qt1xPqx7Nb.png][img]https://imgbin.broadcasthe.net/i/caNiV6gbGFtn_hUk5Z8bz.jpeg[/img][/url] [url=https://imgbin.broadcasthe.net/i/au3_rtYnVu5kVNc3Dgi69.png][img]https://imgbin.broadcasthe.net/i/q3De5Bs-WWx5eb1SZAYXa.jpeg[/img][/url] [url=https://imgbin.broadcasthe.net/i/hN3rmknpljdAVDDEnYiwd.png][img]https://imgbin.broadcasthe.net/i/OfDAp52wFujuDBJ_uuPgC.jpeg[/img][/url][/quote]\",\"originalDescription\":\"\",\"year\":\"2022\",\"category\":\"tvPack\",\"videoType\":\"web\",\"format\":\"mkv\",\"source\":\"web\",\"area\":\"US\",\"doubanUrl\":\"\",\"doubanInfo\":\"\",\"imdbUrl\":\"https://www.imdb.com/title/tt9253284\",\"otherTags\":{},\"mediaInfo\":\"\",\"mediaInfos\":[],\"screenshots\":[],\"comparisons\":[],\"movieAkaName\":\"\",\"movieName\":\"Andor\",\"sourceSite\":\"BTN\",\"sourceSiteType\":\"gazelle\",\"size\":26328149524.48,\"isForbidden\":false,\"poster\":\"\"}"},"ts":1729525879937}