{"options":{"check_for_updates":true,"comment":null,"compatopts_for_requires":true,"compat_wrappedjsobject":false,"compat_metadata":false,"compat_foreach":false,"compat_arrayleft":false,"compat_uW_gmonkey":false,"compat_forvarin":false,"noframes":null,"awareOfChrome":false,"run_at":null,"override":{"use_includes":[],"orig_includes":[],"merge_includes":true,"use_matches":[],"orig_matches":["https://cinemageddon.net/browse.php*","https://karagarga.in/browse.php*","https://hdbits.org/browse.php*","https://passthepopcorn.me/torrents.php*","https://passthepopcorn.me/torrents.php?type=seeding","https://filelist.io/internal.php*","https://filelist.io/browse.php*","https://beyond-hd.me/library/movies*","https://beyond-hd.me/meta*","https://beyond-hd.me/torrents*","https://cinemaz.to/movies*","https://avistaz.to/movies*","https://blutopia.cc/torrents*","https://www.torrentleech.org/torrents/browse*","https://tntracker.org/moviewall*","https://anthelion.me/torrents.php*"],"merge_matches":true,"use_excludes":[],"orig_excludes":[],"merge_excludes":true,"use_connects":["passthepopcorn.me"],"merge_connects":true,"use_blockers":[],"orig_run_at":"document-idle","orig_noframes":null}},"settings":{"enabled":false,"position":33},"meta":{"name":"Find Unique 2","uuid":"76d050f5-4f5f-4b3f-9888-76a7d7602f73","modified":1702390366728}}