{"options":{"check_for_updates":true,"comment":null,"compatopts_for_requires":true,"compat_wrappedjsobject":false,"compat_metadata":false,"compat_foreach":false,"compat_arrayleft":false,"compat_uW_gmonkey":false,"compat_forvarin":false,"noframes":null,"awareOfChrome":false,"run_at":null,"override":{"use_includes":[],"orig_includes":[],"merge_includes":true,"use_matches":[],"orig_matches":["https://cinemageddon.net/browse.php*","https://karagarga.in/browse.php*","https://hdbits.org/browse.php*","https://passthepopcorn.me/torrents.php*","https://passthepopcorn.me/torrents.php?type=seeding","https://beyond-hd.me/library/movies*","https://beyond-hd.me/torrents*","https://cinemaz.to/movies*","https://avistaz.to/movies*","https://blutopia.cc/torrents?*","https://aither.cc/torrents?*","https://www.torrentleech.org/torrents/browse*","https://secret-cinema.pw/torrents.php*","https://www.clan-sudamerica.net/invision/*","https://newinsane.info/browse.php*","https://btarg.com.ar/tracker/browse.php*","https://filelist.io/internal.php*","https://filelist.io/browse.php*","https://jptv.club/torrents*","https://hd-torrents.org/torrents.php*","https://iptorrents.com/t?*","https://kp.m-team.cc/*","https://ncore.pro/torrents.php*","https://greatposterwall.com/torrents.php*","https://ptchdbits.co/torrents.php*","https://hdsky.me/torrents.php*","https://www.cinematik.net/browse.php*","https://pterclub.com/torrents.php*","https://pterc.com/torrents.php*","https://torrentseeds.org/torrents*","https://torrentseeds.org/categories/*","https://www.morethantv.me/torrents/browse*","https://jpopsuki.eu/torrents.php*"],"merge_matches":true,"use_excludes":[],"orig_excludes":[],"merge_excludes":true,"use_connects":["passthepopcorn.me"],"merge_connects":true,"use_blockers":[],"orig_run_at":"document-idle","orig_noframes":null}},"settings":{"enabled":true,"position":35},"meta":{"name":"Find Unique Ti2","uuid":"714a0cf1-2d4c-4eea-92c4-56d5b77deee0","modified":1702832286145}}