{"options":{"check_for_updates":true,"comment":null,"compatopts_for_requires":true,"compat_wrappedjsobject":false,"compat_metadata":false,"compat_foreach":false,"compat_arrayleft":false,"compat_uW_gmonkey":false,"compat_forvarin":false,"noframes":null,"awareOfChrome":false,"run_at":null,"override":{"use_includes":[],"orig_includes":["http*://redacted.ch/torrents.php?id=*","http*://redacted.ch/artist.php?id=*","http*://hydra.zone/torrents.php?id=*","http*://hydra.zone/artist.php?id=*","http*://libble.me/torrents.php?id=*","http*://libble.me/artist.php?id=*","http*://lztr.me/torrents.php?id=*","http*://lztr.me/artist.php?id=*"],"merge_includes":true,"use_matches":[],"orig_matches":[],"merge_matches":true,"use_excludes":[],"orig_excludes":[],"merge_excludes":true,"use_connects":[],"merge_connects":true,"use_blockers":[],"orig_run_at":"document-idle","orig_noframes":null}},"settings":{"enabled":true,"position":20},"meta":{"name":"Gazelle - Torrentpage JSON export","uuid":"316125ed-cef9-41df-b7e8-8b0089fe6df5","modified":1697877583224}}