{"options":{"check_for_updates":true,"comment":null,"compatopts_for_requires":true,"compat_wrappedjsobject":false,"compat_metadata":false,"compat_foreach":false,"compat_arrayleft":false,"compat_uW_gmonkey":false,"compat_forvarin":false,"noframes":null,"awareOfChrome":false,"run_at":null,"override":{"use_includes":[],"orig_includes":[],"merge_includes":true,"use_matches":[],"orig_matches":["https://gazellegames.net/torrents.php*"],"merge_matches":true,"use_excludes":[],"orig_excludes":["https://gazellegames.net/torrents.php*id=*","https://gazellegames.net/torrents.php*action=basic*"],"merge_excludes":true,"use_connects":[],"merge_connects":true,"use_blockers":[],"orig_run_at":"document-start","orig_noframes":null}},"settings":{"enabled":true,"position":8},"meta":{"name":"GGn snatched filter","uuid":"25673b4c-d4ab-4b2d-b576-b4e1445e19b3","modified":1697449904721,"file_url":"https://greasyfork.org/scripts/393334-ggn-snatched-filter/code/GGn%20snatched%20filter.user.js"}}