{"options":{"check_for_updates":true,"comment":null,"compatopts_for_requires":true,"compat_wrappedjsobject":false,"compat_metadata":false,"compat_foreach":false,"compat_arrayleft":false,"compat_prototypes":true,"compat_uW_gmonkey":false,"compat_forvarin":false,"noframes":null,"awareOfChrome":false,"run_at":null,"override":{"use_includes":[],"orig_includes":[],"merge_includes":true,"use_matches":[],"orig_matches":["http*://*gazellegames.net/upload.php*","http*://*gazellegames.net/requests.php*","http*://*gazellegames.net/torrents.php*"],"merge_matches":true,"use_excludes":[],"orig_excludes":[],"merge_excludes":true,"use_connects":[],"merge_connects":true,"use_blockers":[],"orig_run_at":"document-idle","orig_noframes":null}},"settings":{"enabled":false,"position":24},"meta":{"name":"GGn YADG","uuid":"e0d95db8-12bf-4f91-ad45-737b1880bef9","modified":1698771659442,"file_url":"https://greasyfork.org/scripts/457854-ggn-yadg/code/GGn%20YADG.user.js"}}