{"data":{"OMDb_last":"s{\"Title\":\"Highlander: The Raven\",\"Year\":\"1998–1999\",\"Rated\":\"N/A\",\"Released\":\"26 Sep 1998\",\"Runtime\":\"45 min\",\"Genre\":\"Action, Adventure, Crime\",\"Director\":\"N/A\",\"Writer\":\"N/A\",\"Actors\":\"Elizabeth Gracen, Paul Johansson, Patricia Gage\",\"Plot\":\"Amanda, a recurring character from Highlander - The Series, is the main character here. An ex-cop, Nick Wolfe, discovers her true nature. The two then team up to fight criminals and other, evil, Immortals.\",\"Language\":\"English\",\"Country\":\"France, Canada, United States\",\"Awards\":\"5 nominations\",\"Poster\":\"https://m.media-amazon.com/images/M/MV5BNzMzOTIwNDQ5MF5BMl5BanBnXkFtZTcwNzQzODkyMQ@@._V1_SX300.jpg\",\"Ratings\":[{\"Source\":\"Internet Movie Database\",\"Value\":\"5.1/10\"}],\"Metascore\":\"N/A\",\"imdbRating\":\"5.1\",\"imdbVotes\":\"1,423\",\"imdbID\":\"tt0144714\",\"Type\":\"series\",\"totalSeasons\":\"1\",\"tomatoMeter\":\"N/A\",\"tomatoImage\":\"N/A\",\"tomatoRating\":\"N/A\",\"tomatoReviews\":\"N/A\",\"tomatoFresh\":\"N/A\",\"tomatoRotten\":\"N/A\",\"tomatoConsensus\":\"N/A\",\"tomatoUserMeter\":\"N/A\",\"tomatoUserRating\":\"N/A\",\"tomatoUserReviews\":\"N/A\",\"tomatoURL\":\"N/A\",\"DVD\":\"N/A\",\"BoxOffice\":\"N/A\",\"Production\":\"N/A\",\"Website\":\"N/A\",\"Response\":\"True\"}","imdb_scout":"s{\"aftertitle\":\"\",\"imdbtotalstats\":\"\",\"imdbselectedstats\":\"\",\"imdbscoutmod_header_text\":\"\",\"imdbscoutsecondbar_header_text\":\"\",\"imdbscoutthirdbar_header_text\":\"\",\"mod_icons_size\":\"24\",\"iconsborder_size\":\"5px\",\"cfg_iconsize\":\"24\",\"timeout_ms\":\"30000 ms\",\"load_icons_in_settings\":true,\"remove_ads\":true,\"debug_sites\":false,\"loadmod_on_start_movie\":false,\"load_second_bar\":true,\"load_third_bar_movie\":false,\"switch_bars\":false,\"sortReqOnNewLine\":true,\"call_http_mod_movie\":true,\"hide_missing_movie\":false,\"use_mod_icons_movie\":true,\"one_line\":true,\"ignore_type_movie\":false,\"remove_openall\":true,\"force_reference_view\":false,\"dark_reference_view\":true,\"compact_reference_view\":true,\"greybackground_reference_view\":true,\"fullcredits_reference_view\":true,\"app_notification\":false,\"disable_iconsites\":false,\"disable_sites\":false,\"highlight_sites_movie\":\"PTP,KG,BTN,BTN-Title,IPT,HDb,CHD,HDT\",\"highlight_missing_movie\":\"\",\"loadmod_on_start_search\":false,\"load_third_bar_search\":false,\"call_http_mod_search\":true,\"hide_missing_search\":false,\"use_mod_icons_search\":true,\"ignore_type_search\":false,\"highlight_sites_search\":\"\",\"highlight_missing_search\":\"\",\"ratings_img_px\":\"48px\",\"ratings_cfg_metacritic\":true,\"ratings_cfg_rotten\":true,\"ratings_cfg_letterboxd\":false,\"ratings_cfg_douban\":false,\"ratings_cfg_allocine\":false,\"ratings_cfg_anime\":false,\"ratings_cfg_color\":false,\"ratings_cfg_color_scheme\":\"69,49\",\"ratings_cfg_omdb_apikey\":\"\",\"radarr_searchformovie\":true,\"radarr_monitored\":true,\"radarr_url\":\"http://localhost:7878\",\"radarr_apikey\":\"\",\"radarr_rootfolderpath\":\"D:\\\\Movies\",\"radarr_profileid\":\"Any\",\"radarr_customprofileid\":\"1\",\"radarr_minimumavailability\":\"inCinemas\",\"sonarr_searchformissing\":false,\"sonarr_searchforcutoff\":false,\"sonarr_seasonfolder\":true,\"sonarr_usescenenumbering\":\"Auto\",\"sonarr_monitored\":\"All Episodes\",\"sonarr_url\":\"http://localhost:8989\",\"sonarr_apikey\":\"\",\"sonarr_rootfolderpath\":\"D:\\\\TVSeries\",\"sonarr_profileid\":\"Any\",\"sonarr_customprofileid\":\"1\",\"sonarr_languageprofileid\":\"1\",\"sonarr_seriestype\":\"standard\",\"trakt_synclimiter\":\"15\",\"plex_server_url\":\"http://127.0.0.1:32400\",\"plex_token\":\"\",\"jellyfin_server_url\":\"http://localhost:8096\",\"jellyfin_username\":\"\",\"jellyfin_password\":\"\",\"jellyfin_debug\":false,\"emby_server_url\":\"http://localhost:8096\",\"emby_username\":\"\",\"emby_password\":\"\",\"emby_debug\":false,\"milkie_authToken\":\"\",\"tnt_authToken\":\"\",\"show_Dummy\":false,\"show_0dayhome\":false,\"show_1337x\":false,\"show_1337x_TV\":false,\"show_AllYouLike\":false,\"show_ARAMovie\":false,\"show_ArenaBG\":false,\"show_ArenaBG_TV\":false,\"show_AXEL torrents (BG)\":false,\"show_BitSearch\":false,\"show_BitSearch_TV\":false,\"show_BTDigg\":false,\"show_BTDigg_TV\":false,\"show_Comando4K\":false,\"show_CPS\":false,\"show_Deildu\":false,\"show_Demonoid\":false,\"show_DevilTor\":false,\"show_DevilTor_TV\":false,\"show_Dl4All\":false,\"show_DonTor\":false,\"show_DW\":false,\"show_ETpl\":false,\"show_EXTTor\":false,\"show_EXTTor_TV\":false,\"show_GloTor\":false,\"show_GloTor_TV\":false,\"show_HD4fun\":false,\"show_HDenc\":false,\"show_Hurtom\":false,\"show_iDope\":false,\"show_iDope_TV\":false,\"show_ilCorSaRoNeRo\":false,\"show_InternetArchive\":false,\"show_Knaben\":false,\"show_Knaben_TV\":false,\"show_KZ\":false,\"show_KZ_TV\":false,\"show_Lapumia\":false,\"show_LimeTor\":false,\"show_LimeTor_TV\":false,\"show_Mkvking\":false,\"show_Mkvking_TV\":false,\"show_MovieParadise\":false,\"show_MVG_TV\":false,\"show_MVG-F_TV\":false,\"show_NNM\":false,\"show_NNM_TV\":false,\"show_Nyaa\":true,\"show_Pahe\":false,\"show_Partis\":false,\"show_Partis_TV\":false,\"show_PB\":false,\"show_PornoLab\":false,\"show_PornoLab-ID\":false,\"show_PSArips\":false,\"show_PSArips_TV\":false,\"show_PuZo\":false,\"show_RareFilm\":false,\"show_RareFilmm\":false,\"show_Rarelust\":false,\"show_RlsBB\":false,\"show_RMZ\":false,\"show_RMZ_TV\":false,\"show_RuT\":true,\"show_RuT_TV\":false,\"show_Rutor\":false,\"show_Rutor-Title\":false,\"show_Rutor.org\":false,\"show_seleZen\":false,\"show_SkT\":false,\"show_SolidTor\":false,\"show_SolidTor_TV\":false,\"show_SunXDCC\":false,\"show_SunXDCC_TV\":false,\"show_TBL\":false,\"show_TBL_TV\":false,\"show_TFPDL\":false,\"show_TGx\":false,\"show_TheRARBG\":true,\"show_TheRostrum\":false,\"show_TorDL\":false,\"show_TorrentView-Movie\":false,\"show_TorrentView-Drama_TV\":false,\"show_TorrentView-Netflix_TV\":false,\"show_TPB\":false,\"show_TPB_TV\":false,\"show_TPB-ID\":false,\"show_TurkSeed\":false,\"show_Videoteka\":false,\"show_W-v3\":false,\"show_WB\":false,\"show_WC\":false,\"show_WH\":false,\"show_XDCC\":false,\"show_XDCC_TV\":false,\"show_xTorrenty\":false,\"show_xTorrenty_TV\":false,\"show_YTS.do\":false,\"show_YTS.mx\":false,\"show_3CT\":false,\"show_3CT-Req\":false,\"show_AB\":true,\"show_Acervos\":false,\"show_Acervos-Req\":false,\"show_ACM\":false,\"show_ACM-Req\":false,\"show_ADC2\":false,\"show_AE\":false,\"show_Aither\":true,\"show_Aither-Req\":false,\"show_ANT\":true,\"show_ANT-Req\":true,\"show_AR\":true,\"show_AR_TV\":true,\"show_AR-Req\":true,\"show_ArabScene\":false,\"show_ArabScene_TV\":false,\"show_ASC\":false,\"show_ASC_TV\":false,\"show_AT\":true,\"show_AT_TV\":true,\"show_AT-Req\":false,\"show_AveTor\":false,\"show_AySTor\":false,\"show_Back-Ups\":false,\"show_BB-HD\":false,\"show_BDC\":false,\"show_BDC-Req\":false,\"show_BestCore\":false,\"show_BestCore_TV\":false,\"show_BHD\":true,\"show_BHD-Req\":true,\"show_BigBBS\":false,\"show_BitHD\":true,\"show_Bithorlo\":false,\"show_Bithorlo_TV\":false,\"show_BitHUmen\":false,\"show_BJS\":false,\"show_Blu\":true,\"show_Blu-TMDb\":false,\"show_Blu-Req\":true,\"show_BRT\":false,\"show_BRT-Req\":false,\"show_BTN_TV\":true,\"show_BTN-Title_TV\":false,\"show_BTN-TVDb_TV\":false,\"show_BTN-Req_TV\":false,\"show_BTN-IMDb-Req_TV\":false,\"show_BWT\":false,\"show_BWT-Req\":false,\"show_CaCh\":false,\"show_CCT\":false,\"show_CBT\":false,\"show_CBT-Req\":false,\"show_CG\":false,\"show_CG-c\":false,\"show_CG-Req\":false,\"show_Classix\":false,\"show_Classix_TV\":false,\"show_Classix-Req\":false,\"show_CMS\":false,\"show_CrazyHD\":false,\"show_CrazyHD-Req\":false,\"show_Crna Berza\":false,\"show_Crna Berza_TV\":false,\"show_Crna Berza-Req\":false,\"show_CRT\":false,\"show_CRT-Req\":false,\"show_CT\":false,\"show_ET\":true,\"show_ET_TV\":true,\"show_CZ-Req\":false,\"show_Darius\":false,\"show_Darius_TV\":false,\"show_DataScene\":false,\"show_DataScene-Req\":false,\"show_DBy\":false,\"show_DBy-Req\":false,\"show_DC\":false,\"show_DC_TV\":false,\"show_DesiTor\":false,\"show_DesiTor-Req\":false,\"show_DVDSeed\":false,\"show_EMP\":false,\"show_EUC\":false,\"show_ExiTor\":false,\"show_ExiTor-Req\":false,\"show_FE\":false,\"show_FE-Req\":false,\"show_FF\":false,\"show_FF_TV\":false,\"show_FF-Req\":false,\"show_FL\":true,\"show_FL-Req\":false,\"show_FinVip\":false,\"show_FZ\":false,\"show_FZ-Req\":false,\"show_FZN\":false,\"show_GayTor\":false,\"show_GD\":false,\"show_GimmePeers\":false,\"show_GimmePeers_TV\":false,\"show_GiroTor\":false,\"show_GT\":false,\"show_HB\":false,\"show_HB-Req\":false,\"show_HD-Olimpo\":false,\"show_HD-Olimpo-Req\":false,\"show_HD-U\":false,\"show_HD-U-Req\":false,\"show_HDb\":true,\"show_HDSpace\":true,\"show_HDT\":true,\"show_HDT-Req\":false,\"show_HDTurk\":false,\"show_HT\":false,\"show_HUNO\":true,\"show_HUNO-Req\":false,\"show_Infire\":false,\"show_IPT\":true,\"show_IPT_TV\":true,\"show_IPT-Req\":false,\"show_IS\":false,\"show_IS_TV\":false,\"show_IS-Req\":false,\"show_IT\":false,\"show_IT-Req\":false,\"show_ItaTorrents\":false,\"show_ItaTorrents-Req\":false,\"show_iTS\":false,\"show_iTS-Req\":false,\"show_JPTV\":false,\"show_JPTV-TMDb\":false,\"show_JPTV-Req\":false,\"show_KG\":true,\"show_KG-Req\":false,\"show_LastFiles\":false,\"show_LastFiles_TV\":false,\"show_Lat-Team\":false,\"show_Lat-Team-Req\":false,\"show_LM\":false,\"show_LM_TV\":false,\"show_LM-5z\":false,\"show_Locadora\":false,\"show_Locadora-Req\":false,\"show_LST\":false,\"show_LST-Req\":false,\"show_M-TB\":false,\"show_MH\":false,\"show_MH_TV\":false,\"show_Milkie\":false,\"show_Milkie_TV\":false,\"show_MKO\":false,\"show_MOJBLiNK\":false,\"show_MOJBLiNK_TV\":false,\"show_MovieTorrentz\":false,\"show_MovieTorrentz_TV\":false,\"show_MP\":false,\"show_MP-Req\":false,\"show_MS\":false,\"show_MTV\":true,\"show_MTV_TV\":true,\"show_NB\":false,\"show_NBL_TV\":true,\"show_NBL-Req_TV\":false,\"show_nCore\":true,\"show_nCore-Req\":false,\"show_NetHD\":false,\"show_NTELogo\":false,\"show_NTELogo-Req\":false,\"show_OnlyEncodes\":false,\"show_OnlyEncodes-Req\":false,\"show_Peeratiko\":true,\"show_Peeratiko_TV\":false,\"show_PHD\":true,\"show_PHD_TV\":true,\"show_PHD-Req\":false,\"show_Portugas\":false,\"show_Portugas-Req\":false,\"show_PS\":false,\"show_PS-Req\":false,\"show_PTE\":false,\"show_PTE_TV\":false,\"show_PTE-IMDb\":false,\"show_PTF\":false,\"show_PTM\":true,\"show_PTM-Req\":false,\"show_PTN\":false,\"show_PTN-Req\":false,\"show_PTP\":true,\"show_PTP-Req\":true,\"show_PxHD\":false,\"show_RareShare2_TV\":false,\"show_RareShare2-Req_TV\":false,\"show_RedBits\":false,\"show_RedBits-Req\":false,\"show_ReelFliX\":false,\"show_ReelFliX-Req\":false,\"show_RevTT\":false,\"show_RevTT_TV\":false,\"show_Retroflix\":false,\"show_Retroflix-Req\":false,\"show_RoTor\":false,\"show_RoTor_TV\":false,\"show_SB\":false,\"show_SC\":false,\"show_SC-Desc\":false,\"show_SC-Req\":false,\"show_SceneRush\":false,\"show_SceneRush_TV\":false,\"show_sHD\":false,\"show_SI\":false,\"show_SI-Req\":false,\"show_SkipTheTrailers\":false,\"show_SkipTheTrailers-Req\":false,\"show_Snahp\":false,\"show_SPD\":true,\"show_SpeedApp\":true,\"show_SpeedApp-Req\":false,\"show_ST\":true,\"show_ST_TV\":true,\"show_STC_TV\":false,\"show_STC-Req_TV\":false,\"show_Swarmazon\":false,\"show_Swarmazon_TV\":false,\"show_T\":false,\"show_T_TV\":false,\"show_Tapochek\":false,\"show_Tapochek_TV\":false,\"show_Tasmanites_TV\":false,\"show_TBD\":false,\"show_TD\":false,\"show_TE_TV\":false,\"show_TeRaCoD\":false,\"show_TeRaCoD_TV\":false,\"show_TG\":false,\"show_TheRebels\":false,\"show_TheRebels-Req\":false,\"show_THR\":false,\"show_Tik\":false,\"show_Tik-Req\":false,\"show_TL\":true,\"show_TL-Title\":false,\"show_TL-Title_TV\":false,\"show_TL-Req\":false,\"show_TLPL\":false,\"show_TLZ\":false,\"show_TLZ_TV\":false,\"show_TM\":false,\"show_TO\":true,\"show_TorrentLand\":false,\"show_TorrentLand-Req\":false,\"show_TP\":true,\"show_TRL\":false,\"show_TRL_TV\":false,\"show_TS\":false,\"show_TSeeds\":true,\"show_TSeeds-Req\":false,\"show_TSP\":false,\"show_TSP_TV\":false,\"show_TSP-Req\":false,\"show_TT\":true,\"show_TTR\":false,\"show_TTR-Req\":false,\"show_TurkTor\":false,\"show_TurkTracker\":false,\"show_TVCK\":false,\"show_TVV_TV\":true,\"show_TVV-Desc_TV\":false,\"show_TVV-Req_TV\":false,\"show_UHDB\":true,\"show_UHDB-Req\":true,\"show_Uniongang\":false,\"show_UniOtaku\":false,\"show_UnleashTheCartoons\":false,\"show_Unlimitz\":false,\"show_WF\":false,\"show_WIGORNOT\":true,\"show_XS\":true,\"show_Yubraca\":false,\"show_Yubraca-Req\":false,\"show_Zamunda\":false,\"show_Zamunda_TV\":false,\"show_Ztracker\":false,\"show_Ztracker-Req\":false,\"show_Audiences\":false,\"show_HHanClub\":false,\"show_Dajiao\":true,\"show_HD Dolby\":true,\"show_BTSCHOOL\":true,\"show_PTHOME\":true,\"show_BT4G\":false,\"show_BT4G_TV\":false,\"show_CarPT\":false,\"show_CHD\":true,\"show_GPW\":true,\"show_Haidan\":false,\"show_Haidan-Req\":false,\"show_HCT\":false,\"show_HDA\":true,\"show_HDAtmos\":true,\"show_HDC\":false,\"show_HDFans\":false,\"show_HDHome\":true,\"show_HDS\":false,\"show_HDS_TV\":false,\"show_HDtime\":false,\"show_HDU\":true,\"show_HDZ\":false,\"show_Itzmx\":false,\"show_JoyHD\":false,\"show_M-T\":true,\"show_MonikaDesign\":false,\"show_MonikaDesign-Req\":false,\"show_OldToonsWorld\":false,\"show_OshenPT\":false,\"show_OurBits\":false,\"show_PTer\":false,\"show_PTTime\":false,\"show_TLFBits\":false,\"show_TTG\":false,\"show_U2\":false,\"show_ZmPT\":false,\"show_ABN\":false,\"show_ABN_TV\":false,\"show_ABN-Req\":false,\"show_ABN-Req_TV\":false,\"show_Cpasbien\":false,\"show_Cpasbien_TV\":false,\"show_Francomac\":false,\"show_G-Free\":false,\"show_G-Free-Req\":false,\"show_HD-F\":false,\"show_HD-F-Req\":false,\"show_HD-O\":false,\"show_HD-O_TV\":false,\"show_HD-O-Req\":false,\"show_LimitOfEden\":false,\"show_LimitOfEden_TV\":false,\"show_Sharewood\":false,\"show_Sharewood_TV\":false,\"show_Sharewood-Req\":false,\"show_TCTG\":false,\"show_TCTG_TV\":false,\"show_Tigers\":false,\"show_Tor911\":false,\"show_TOS\":false,\"show_TOS-Req\":false,\"show_TvRoad_TV\":false,\"show_xThor\":false,\"show_xThor_TV\":false,\"show_YGG\":false,\"show_Zone Telechargement\":false,\"show_AnimeWorld\":false,\"show_AnimeWorld-Req\":false,\"show_BTF\":false,\"show_DDLW\":false,\"show_DokuJunkies\":false,\"show_FilmFans\":false,\"show_HD-Source\":false,\"show_Immortuos\":false,\"show_Immortuos-Req\":false,\"show_JME\":false,\"show_JME-Req\":false,\"show_MaDsRevolution\":false,\"show_MaDsRevolution_TV\":false,\"show_myGully\":false,\"show_NewHeaven\":false,\"show_NewHeaven_TV\":false,\"show_NIMA4K\":false,\"show_NIMA4K_TV\":false,\"show_NRW\":false,\"show_NRW_TV\":false,\"show_NRW-Req\":false,\"show_SerienFans_TV\":false,\"show_SerienJunkies_TV\":false,\"show_SFP\":false,\"show_SFP-Req\":false,\"show_SoR\":false,\"show_SoR_TV\":false,\"show_STT\":false,\"show_STT_TV\":false,\"show_TNT\":false,\"show_TNT_TV\":false,\"show_TorSyndikat\":false,\"show_TorSyndikat-Req\":false,\"show_TSC\":false,\"show_TSC_TV\":false,\"show_TSH\":false,\"show_TSH-Req\":false,\"show_WCX\":false,\"show_WoT\":false,\"show_WoT_TV\":false,\"show_abNZB\":false,\"show_abNZB_TV\":false,\"show_altHUB\":false,\"show_altHUB_TV\":false,\"show_BD25\":false,\"show_Brothers of Usenet\":false,\"show_DOGnzb\":false,\"show_DOGnzb_TV\":false,\"show_DrunkenSlug\":false,\"show_DrunkenSlug_TV\":false,\"show_GingaDADDY\":false,\"show_HDUse\":false,\"show_House of Usenet (DE)\":false,\"show_MIAtrix\":false,\"show_MIAtrix_TV\":false,\"show_NinjaCentral\":false,\"show_NinjaCentral_TV\":false,\"show_NZBcat\":false,\"show_NZBcat_TV\":false,\"show_NZBfinder\":false,\"show_NZBfinder_TV\":false,\"show_nzbforyou\":false,\"show_NZBgeek\":false,\"show_NZBgeek_TV\":false,\"show_NZBGrabit\":false,\"show_NZBKing\":false,\"show_NzbNdx\":false,\"show_NzbNdx_TV\":false,\"show_NZBnoob\":false,\"show_NZBnoob_TV\":false,\"show_NZBplanet\":false,\"show_NZBplanet_TV\":false,\"show_NZBSin\":false,\"show_NZBSin_TV\":false,\"show_NZBsu\":false,\"show_NZBsu_TV\":false,\"show_OmgWtf\":false,\"show_SceneNZBs\":false,\"show_SceneNZBs_TV\":false,\"show_SceneNZBs-DE_TV\":false,\"show_WtFnZb\":false,\"show_Addic7ed\":true,\"show_AnimeSub (PL)\":false,\"show_ArgenTeam (ES)\":false,\"show_ArgenTeam (ES)_TV\":false,\"show_Assrt (CN)\":false,\"show_Assrt (CN)_TV\":false,\"show_Bukvi (BG)\":false,\"show_Feliratok (HU)\":false,\"show_Feliratok (HU)_TV\":false,\"show_GreekSubs (GR)\":false,\"show_HosszuPuska (HU)\":false,\"show_HosszuPuska (HU)_TV\":false,\"show_LegendasDivX (PT)\":false,\"show_Moviesubtitles\":false,\"show_Napisy24 (PL)\":false,\"show_Napisy24 (PL)_TV\":false,\"show_Nekur (LV)\":false,\"show_OpenSubtitles\":true,\"show_OpenSubtitles (Arabic)\":false,\"show_OpenSubtitles (BR)\":false,\"show_OpenSubtitles (DE)\":false,\"show_OpenSubtitles (EN)\":true,\"show_OpenSubtitles (ES)\":false,\"show_OpenSubtitles (FR)\":false,\"show_OpenSubtitles (GR)\":true,\"show_OpenSubtitles (IT)\":false,\"show_OpenSubtitles (NL)\":false,\"show_OpenSubtitles (PL)\":false,\"show_OpenSubtitles (PT)\":false,\"show_OpenSubtitles (RO)\":false,\"show_OpenSubtitles (RU)\":false,\"show_OpenSubtitles (TR)\":false,\"show_OpenSubtitles.com (EN)\":true,\"show_OpenSubtitles.com (GR)\":false,\"show_Pipocas (BR)\":false,\"show_Pipocas (PT)\":false,\"show_PlanetDP (TR)\":false,\"show_Podnapisi\":false,\"show_Podnapisi (EN)\":true,\"show_RegieLive (RO)\":false,\"show_Subs4free (GR|EN)\":false,\"show_Subs4free (GR|EN)_TV\":false,\"show_SubDivX (ES)\":false,\"show_SubDivX (ES)_TV\":false,\"show_Subs.com.ru (RU)\":false,\"show_Subs.ro\":false,\"show_Subscene\":true,\"show_Subscene_TV\":false,\"show_SubsLand (BG)\":false,\"show_SubsUnacs (BG)\":false,\"show_Subtitles.hr\":false,\"show_Subtitry (RU)\":false,\"show_Titlovi (BiH|HR|MK|SLO|SRB)\":false,\"show_Titrari (RO)\":false,\"show_TransHeaven (BG)\":false,\"show_TürkçeAltyazı (TR)\":false,\"show_TVsubtitles_TV\":false,\"show_WizdomSubs (IL)\":false,\"show_Yavka (BG)\":false,\"show_Zimuku (CN)\":false,\"show_CorruptNet-Pre\":false,\"show_CorruptNet-Pre_TV\":false,\"show_PreDB\":false,\"show_PreDB_TV\":false,\"show_PreDB-Orig\":false,\"show_PreDB-Orig_TV\":false,\"show_PreDB.club\":false,\"show_PreDB.club_TV\":false,\"show_PreDB.net\":false,\"show_PreDB.net_TV\":false,\"show_PreDB.org\":false,\"show_PreDB.pw\":false,\"show_preFYP\":false,\"show_srrDB\":false,\"show_xREL\":false,\"show_Ancensored\":false,\"show_Blu-ray\":false,\"show_Bluray-Disc (DE)\":false,\"show_DVDs ReleaseDates\":false,\"show_Fist of B-List\":false,\"show_MRI\":false,\"show_MrSkin\":false,\"show_MrSkin_TV\":false,\"show_Scripts On Screen\":false,\"show_Simply Scripts\":false,\"show_Voidtools-ID\":false,\"show_Voidtools-Title\":false,\"show_Voidtools-ID-ES\":false,\"show_Voidtools-Title-ES\":false,\"show_Wikidata\":false,\"show_YesAsia\":false,\"show_AnimeVibe Lite\":false,\"show_9anime\":false,\"show_Burning Series (DE)_TV\":false,\"show_Cuevana2 (ES)\":false,\"show_Filmai (LT)\":false,\"show_GDrivePlayer\":false,\"show_GDrivePlayer_TV\":false,\"show_HBO Max Movie Catalog (US)\":false,\"show_HBO Max Movie Catalog (BR)\":false,\"show_HBO Max Series Catalog (US)_TV\":false,\"show_HBO Max Series Catalog (BR)_TV\":false,\"show_HDSS (FR)\":false,\"show_KinoX (DE)\":false,\"show_KissAnime\":false,\"show_M4uFree\":false,\"show_OK (RU)\":false,\"show_StreamKiste (DE)\":false,\"show_Tubi\":false,\"show_VidSource\":false,\"show_VidSource_TV\":false,\"show_Yugen\":false,\"show_icon__OMDb (for Dev tests)\":false,\"show_icon_30nama (IR)\":false,\"show_icon_45worlds\":false,\"show_icon_ADP\":false,\"show_icon_AFI Catalog (US)\":false,\"show_icon_AllMovie\":false,\"show_icon_AlloCiné (FR)\":false,\"show_icon_Amazon\":false,\"show_icon_Amazon (UK)\":false,\"show_icon_Amazon Prime (DE)\":false,\"show_icon_AniDB\":false,\"show_icon_AniList\":false,\"show_icon_AnimeTorrents\":false,\"show_icon_Arrow Films\":false,\"show_icon_BAMPFA - CineFiles\":false,\"show_icon_BBFC\":false,\"show_icon_BCDB\":false,\"show_icon_BeyazPerde (TR)\":false,\"show_icon_Box Office Mojo\":false,\"show_icon_Caps-A-Holic\":false,\"show_icon_CineCartaz (PT)\":false,\"show_icon_CinéLounge (FR)\":false,\"show_icon_CineMaterial\":false,\"show_icon_Common Sense Media\":false,\"show_icon_CorruptNet-Trace\":false,\"show_icon_Criterion\":false,\"show_icon_Criterion Channel\":false,\"show_icon_Criticker\":false,\"show_icon_ČSFD (CZ)\":false,\"show_icon_DDU\":false,\"show_icon_Douban (CN)\":false,\"show_icon_DuckDuckGo\":false,\"show_icon_DVD-Basen\":false,\"show_icon_DVDBeaver\":false,\"show_icon_DVDCompare\":false,\"show_icon_DVDTalk\":false,\"show_icon_eBay\":false,\"show_icon_Eiga (JP)\":false,\"show_icon_Eiga chirashi (JP)\":false,\"show_icon_EkşiSözlük (TR)\":false,\"show_icon_EpisodeCalendar\":false,\"show_icon_Facebook\":false,\"show_icon_Fanart\":false,\"show_icon_FFF Movie Posters\":false,\"show_icon_FilmAffinity\":false,\"show_icon_Filmboards\":false,\"show_icon_FilmKatalogus (HU)\":false,\"show_icon_Filmový přehled (CZ)\":false,\"show_icon_Filmow (BR)\":false,\"show_icon_Filmweb (PL)\":false,\"show_icon_FilmSpot (PT)\":false,\"show_icon_FindAnyFilm\":false,\"show_icon_Flick Metrix\":false,\"show_icon_Google\":false,\"show_icon_Google Scholar\":false,\"show_icon_Hancinema (KR)\":false,\"show_icon_Heritage Auctions - Movie Posters\":false,\"show_icon_HKMDb (CN)\":false,\"show_icon_HRC - Movie Posters Collection\":false,\"show_icon_iCheckMovies\":false,\"show_icon_JustWatch\":false,\"show_icon_КиноПоиск (RU)\":false,\"show_icon_Kinenote (JP)\":false,\"show_icon_Kinorium (RU)\":false,\"show_icon_KMDb (KR)\":false,\"show_icon_KoFiC (KR)\":false,\"show_icon_KoreanFilm.org (KR)\":false,\"show_icon_Ktuvit (IL)\":false,\"show_icon_LaserDisc Database\":false,\"show_icon_Letterboxd\":false,\"show_icon_Lumiere\":false,\"show_icon_Media History Digital Library\":false,\"show_icon_Metacritic\":false,\"show_icon_Movie-Censorship\":false,\"show_icon_MovieBuff\":false,\"show_icon_MovieChat\":false,\"show_icon_MovieLens\":false,\"show_icon_MovieMistakes\":false,\"show_icon_MoviePosterDB\":false,\"show_icon_Movieposters\":false,\"show_icon_MRQE\":false,\"show_icon_Mubi\":false,\"show_icon_MyAnimeList\":false,\"show_icon_MyDramaList (Asia)\":false,\"show_icon_MyMovieRack\":false,\"show_icon_Netflix\":false,\"show_icon_Netflix-DVD\":false,\"show_icon_NextEpisode\":false,\"show_icon_OFDb (DE)\":false,\"show_icon_Posteritati\":false,\"show_icon_ratehouse\":false,\"show_icon_RatinGraph\":false,\"show_icon_RateYourMusic\":false,\"show_icon_Reelgood\":false,\"show_icon_Rotten Tomatoes\":false,\"show_icon_SapoMAG (PT)\":false,\"show_icon_ScreenAnarchy\":false,\"show_icon_SecretBinaries (DE)\":false,\"show_icon_SensCritique (FR)\":false,\"show_icon_Serializd\":false,\"show_icon_ShotOnWhat\":false,\"show_icon_Simkl\":false,\"show_icon_Sinefil (TR)\":false,\"show_icon_Sinemalar (TR)\":false,\"show_icon_Sky of Usenet (DE)\":false,\"show_icon_The Numbers\":false,\"show_icon_ThePosterDB\":false,\"show_icon_TMDB\":true,\"show_icon_TMDB-ID\":false,\"show_icon_TPB-Proxy\":false,\"show_icon_TrailerAddict\":false,\"show_icon_Trakt\":false,\"show_icon_TVDB\":false,\"show_icon_TVRopes\":false,\"show_icon_TV Guide\":false,\"show_icon_TVmaze\":false,\"show_icon_Ulož\":false,\"show_icon_uNoGS\":false,\"show_icon_VHS Collector\":false,\"show_icon_Wikipedia\":true,\"show_icon_Wikipedia Links Search\":false,\"show_icon_WhatsOnMubi\":false,\"show_icon_WorldCat\":false,\"show_icon_Yahoo! Japan - Movies (JP)\":false,\"show_icon_YouTube\":true,\"show_icon_YouTube (Invidious)\":false,\"show_icon_Copy Info to BBcode\":false,\"show_icon_Emby\":false,\"show_icon_Jellyfin\":false,\"show_icon_Plex\":false,\"show_icon_Radarr\":false,\"show_icon_Sonarr\":false,\"show_icon_Trakt-Watchlist\":false}"},"ts":1738052799255}