{"options":{"check_for_updates":false,"comment":null,"compatopts_for_requires":true,"compat_wrappedjsobject":false,"compat_metadata":false,"compat_foreach":false,"compat_arrayleft":false,"compat_prototypes":true,"compat_uW_gmonkey":false,"compat_forvarin":false,"noframes":null,"awareOfChrome":false,"run_at":null,"override":{"use_includes":[],"orig_includes":["https://*.imdb.tld/title/tt*","https://*.imdb.tld/search/title*","https://*.imdb.tld/user/ur*/watchlist*","https://*.imdb.tld/list/ls*"],"merge_includes":true,"use_matches":[],"orig_matches":[],"merge_matches":true,"use_excludes":[],"orig_excludes":["/title\\/tt\\d+\\/\\w(?!(eference))/","/anon/","/pro.imdb/"],"merge_excludes":true,"use_connects":["*"],"merge_connects":true,"use_blockers":[],"orig_run_at":"document-start","orig_noframes":true,"orig_connects":["*"]}},"settings":{"enabled":true,"position":2},"meta":{"name":"IMDb Scout Mod","uuid":"dfd88339-fe18-4fd1-beb0-da47d90b91ed","modified":1732027025431,"file_url":"https://greasyfork.org/scripts/407284-imdb-scout-mod/code/IMDb%20Scout%20Mod.user.js"}}