{"options":{"check_for_updates":false,"comment":null,"compatopts_for_requires":true,"compat_wrappedjsobject":false,"compat_metadata":false,"compat_foreach":false,"compat_arrayleft":false,"compat_uW_gmonkey":false,"compat_forvarin":false,"noframes":null,"awareOfChrome":false,"run_at":null,"override":{"use_includes":[],"orig_includes":[],"merge_includes":true,"use_matches":[],"orig_matches":["https://orpheus.network/requests.php","https://orpheus.network/requests.php?*&page=*","https://orpheus.network/requests.php?page=*","https://orpheus.network/requests.php?submit=true&*","https://*.orpheus.network/requests.php","https://*.orpheus.network/requests.php?*&page=*","https://*.orpheus.network/requests.php?page=*","https://*.orpheus.network/requests.php?submit=true&*","https://redacted.sh/requests.php","https://redacted.sh/requests.php?*&page=*","https://redacted.sh/requests.php?page=*","https://redacted.sh/requests.php?submit=true&*","https://*.redacted.sh/requests.php","https://*.redacted.sh/requests.php?*&page=*","https://*.redacted.sh/requests.php?page=*","https://*.redacted.sh/requests.php?submit=true&*"],"merge_matches":true,"use_excludes":[],"orig_excludes":[],"merge_excludes":true,"use_connects":[],"merge_connects":true,"use_blockers":[],"orig_run_at":"document-idle","orig_noframes":null,"orig_connects":[]}},"settings":{"enabled":true,"position":25},"meta":{"name":"Orpheus: Filter requests by bounty","uuid":"1082cd07-f842-4e8a-bd4d-9cf104b566bd","modified":1732437035401}}