{"options":{"check_for_updates":false,"comment":null,"compatopts_for_requires":true,"compat_wrappedjsobject":false,"compat_metadata":false,"compat_foreach":false,"compat_arrayleft":false,"compat_uW_gmonkey":false,"compat_forvarin":false,"noframes":null,"awareOfChrome":false,"run_at":null,"override":{"use_includes":[],"orig_includes":[],"merge_includes":true,"use_matches":[],"orig_matches":["https://orpheus.network/requests.php?id=*","https://orpheus.network/requests.php?*&id=*","https://orpheus.network/torrents.php?id=*","https://orpheus.network/torrents.php?*&id=*","https://orpheus.network/artist.php?id=*","https://orpheus.network/artist.php?*&id=*","https://*.orpheus.network/requests.php?id=*","https://*.orpheus.network/requests.php?*&id=*","https://*.orpheus.network/torrents.php?id=*","https://*.orpheus.network/torrents.php?*&id=*","https://*.orpheus.network/artist.php?id=*","https://*.orpheus.network/artist.php?*&id=*","https://redacted.sh/requests.php?id=*","https://redacted.sh/requests.php?*&id=*","https://redacted.sh/torrents.php?id=*","https://redacted.sh/torrents.php?*&id=*","https://redacted.sh/artist.php?id=*","https://redacted.sh/artist.php?*&id=*","https://www.deepbassnine.com/requests.php?id=*","https://www.deepbassnine.com/requests.php?*&id=*","https://www.deepbassnine.com/torrents.php?id=*","https://www.deepbassnine.com/torrents.php?*&id=*","https://www.deepbassnine.com/artist.php?id=*","https://www.deepbassnine.com/artist.php?*&id=*","https://animebytes.tv/artist.php?id=*","https://animebytes.tv/artist.php?*&id=*","https://animebytes.tv/torrents2.php?id=*","https://animebytes.tv/torrents2.php?*&id=*","https://animebytes.tv/requests.php?id=*","https://animebytes.tv/requests.php?*&id=*"],"merge_matches":true,"use_excludes":[],"orig_excludes":[],"merge_excludes":true,"use_connects":[],"merge_connects":true,"use_blockers":[],"orig_run_at":"document-idle","orig_noframes":null,"orig_connects":[]}},"settings":{"enabled":true,"position":19},"meta":{"name":"Orpheus & Redacted: YAETS","uuid":"d0d66046-372d-4bc5-814f-9b8c7fc98362","modified":1737123797734}}