{"data":{"audiobookSettings_amazonISBNCheckbox":"btrue","audiobookSettings_amazonTitleCheckbox":"bfalse","audiobookSettings_barnesISBNCheckbox":"bfalse","audiobookSettings_barnesTitleCheckbox":"bfalse","audiobookSettings_googleISBNCheckbox":"bfalse","epubSettings_amazonISBNCheckbox":"btrue","epubSettings_amazonTitleCheckbox":"bfalse","epubSettings_barnesISBNCheckbox":"btrue","epubSettings_barnesTitleCheckbox":"bfalse","epubSettings_googleISBNCheckbox":"btrue","kindleSettings_amazonISBNCheckbox":"btrue","kindleSettings_amazonTitleCheckbox":"bfalse","kindleSettings_barnesISBNCheckbox":"bfalse","kindleSettings_barnesTitleCheckbox":"bfalse","kindleSettings_googleISBNCheckbox":"bfalse","pdfSettings_amazonISBNCheckbox":"bfalse","pdfSettings_amazonTitleCheckbox":"bfalse","pdfSettings_barnesISBNCheckbox":"bfalse","pdfSettings_barnesTitleCheckbox":"bfalse","pdfSettings_googleISBNCheckbox":"btrue","settingsExist":"btrue"},"ts":1711287009478}