{"options":{"check_for_updates":true,"comment":null,"compatopts_for_requires":true,"compat_wrappedjsobject":false,"compat_metadata":false,"compat_foreach":false,"compat_arrayleft":false,"compat_uW_gmonkey":false,"compat_forvarin":false,"noframes":null,"awareOfChrome":false,"run_at":null,"override":{"use_includes":[],"orig_includes":["http://www.overdrive.com/media/*","https://www.overdrive.com/media/*","http://bibliotik.org/requests/create/ebooks*","https://bibliotik.org/requests/create/ebooks*","http://bibliotik.me/requests/create/ebooks*","https://bibliotik.me/requests/create/ebooks*"],"merge_includes":true,"use_matches":[],"orig_matches":[],"merge_matches":true,"use_excludes":[],"orig_excludes":[],"merge_excludes":true,"use_connects":[],"merge_connects":true,"use_blockers":[],"orig_run_at":"document-idle","orig_noframes":null}},"settings":{"enabled":true,"position":1},"meta":{"name":"OverDriveBB","uuid":"14168fce-0fca-4875-93e5-36c4d90ec23a","modified":1672499452363}}