{"options":{"check_for_updates":true,"comment":null,"compatopts_for_requires":true,"compat_wrappedjsobject":false,"compat_metadata":false,"compat_foreach":false,"compat_arrayleft":false,"compat_uW_gmonkey":false,"compat_forvarin":false,"noframes":null,"awareOfChrome":false,"run_at":null,"override":{"use_includes":[],"orig_includes":[],"merge_includes":true,"use_matches":[],"orig_matches":["http://*.overdrive.com/*media/*","https://*.overdrive.com/*media/*","https://bibliotik.me/upload/ebooks","https://bibliotik.me/upload/audiobooks"],"merge_matches":true,"use_excludes":[],"orig_excludes":[],"merge_excludes":true,"use_connects":[],"merge_connects":true,"use_blockers":[],"orig_run_at":"document-idle","orig_noframes":null}},"settings":{"enabled":true,"position":12},"meta":{"name":"OverDrive to BIB","uuid":"15645b0b-79fc-4105-aced-e2af3c3e7ec2","modified":1697659730450,"file_url":"https://greasyfork.org/scripts/40504-overdrive-to-bib/code/OverDrive%20to%20BIB.user.js"}}