{"data":{"anonymous":"btrue","authors":"sMegan Choritz","contributors":"s","description":"sOne morning Laine wakes up to discover that the man she's been married to for 15 years has been secretively living out a monstrous lie. Her world is tilted on its axis. Now she must unstitch her existence, and peck through the pieces of her past... Just as Laine thinks she's reached the end of uncovering all the bitter truths, a child appears who demands her attention. This small, fierce person forces her to see the horror and ignites the tiniest flame of hope within. A brilliant debut novel.","duration":"s","editors":"s","format":"sEPUB","imageUrl":"shttps://img1.od-cdn.com/ImageType-100/5465-1/{863F7B56-EE30-4393-A637-6D9D901F49EC}IMG100.JPG","is_ebook":"btrue","isbn":"s9781990973697","language":"sEnglish","narrators":"s","publisher":"sMelinda Ferguson Books","tags":"sbiography, nonfiction","title":"sLOST PROPERTY: a novel","translators":"s","year":"s2023"},"ts":1711287009570}