{"options":{"check_for_updates":false,"comment":null,"compatopts_for_requires":true,"compat_wrappedjsobject":false,"compat_metadata":false,"compat_foreach":false,"compat_arrayleft":false,"compat_uW_gmonkey":false,"compat_forvarin":false,"noframes":null,"awareOfChrome":false,"run_at":null,"override":{"use_includes":[],"orig_includes":["http*://redacted.ch/upload.php*"],"merge_includes":true,"use_matches":[],"orig_matches":[],"merge_matches":true,"use_excludes":[],"orig_excludes":[],"merge_excludes":true,"use_connects":[],"merge_connects":true,"use_blockers":[],"orig_run_at":"document-idle","orig_noframes":null}},"settings":{"enabled":false,"position":26},"meta":{"name":"PTH Autofill from torrent","uuid":"de30f57c-b43d-4efc-a62d-160aafd70eaa","modified":1699546707510,"file_url":"https://greasyfork.org/scripts/25914-pth-autofill-from-torrent/code/PTH%20Autofill%20from%20torrent.user.js"}}