{"options":{"check_for_updates":true,"comment":null,"compatopts_for_requires":true,"compat_wrappedjsobject":false,"compat_metadata":false,"compat_foreach":false,"compat_arrayleft":false,"compat_uW_gmonkey":false,"compat_forvarin":false,"noframes":null,"awareOfChrome":false,"run_at":null,"override":{"use_includes":[],"orig_includes":[],"merge_includes":true,"use_matches":[],"orig_matches":["https://passthepopcorn.me/upload.php*"],"merge_matches":true,"use_excludes":[],"orig_excludes":[],"merge_excludes":true,"use_connects":[],"merge_connects":true,"use_blockers":[],"orig_run_at":"document-end","orig_noframes":null}},"settings":{"enabled":false,"position":34},"meta":{"name":"PTP Upload MediaInfo","uuid":"4c34b3d4-f80e-407c-ae4e-791b5d6d9e0c","modified":1702564376693,"file_url":"https://gist.github.com/po5/a94155e592c1f5e23f3b00aea503f9bb/raw/mediainfo.ptp.user.js"}}