{"options":{"check_for_updates":false,"comment":null,"compatopts_for_requires":true,"compat_wrappedjsobject":false,"compat_metadata":false,"compat_foreach":false,"compat_arrayleft":false,"compat_uW_gmonkey":false,"compat_forvarin":false,"noframes":null,"awareOfChrome":false,"run_at":null,"override":{"use_includes":[],"orig_includes":[],"merge_includes":true,"use_matches":[],"orig_matches":["https://passthepopcorn.me/torrents.php*","https://passthepopcorn.me/collages.php?id=*","https://passthepopcorn.me/artist.php?id=*","https://passthepopcorn.me/top10.php*"],"merge_matches":true,"use_excludes":[],"orig_excludes":[],"merge_excludes":true,"use_connects":["themoviedb.org"],"merge_connects":true,"use_blockers":[],"orig_run_at":"document-idle","orig_noframes":null,"orig_connects":[]}},"settings":{"enabled":true,"position":42},"meta":{"name":"PTP - Country Flags on Posters (TMDb)","uuid":"665738aa-e8d9-4f7f-8977-d695688067f5","modified":1713208700923,"file_url":"https://gist.github.com/soranosita/b07b5fdb534f219f423ccf4105065a6e/raw/6dde628e41639efa6858a5adae5a24b29cd6933b/ptp-country-flags-on-posters-tmdb.user.js"}}