{"options":{"check_for_updates":true,"comment":null,"compatopts_for_requires":true,"compat_wrappedjsobject":false,"compat_metadata":false,"compat_foreach":false,"compat_arrayleft":false,"compat_uW_gmonkey":false,"compat_forvarin":false,"noframes":null,"awareOfChrome":false,"run_at":null,"override":{"use_includes":[],"orig_includes":[],"merge_includes":true,"use_matches":[],"orig_matches":["https://passthepopcorn.me/torrents.php?id=*"],"merge_matches":true,"use_excludes":[],"orig_excludes":[],"merge_excludes":true,"use_connects":["beyond-hd.me","filelist.io","hdbits.org","karagarga.in","pixelhd.me","morethantv.me","avistaz.to","cinemaz.to","privatehd.to","anthelion.me","cinemageddon.net"],"merge_connects":true,"use_blockers":[],"orig_run_at":"document-idle","orig_noframes":null,"orig_connects":[]}},"settings":{"enabled":false,"position":43},"meta":{"name":"PTP - Add releases from other trackers","uuid":"a14cc37b-f6a5-4233-bed4-10d9941faadc","modified":1715336261431,"file_url":"https://gist.github.com/Audionut/bda5d3de682f26c2cfcecaab437821ad/raw/45042d8cbc9d73f6bb835c03736be7cd54c3ac85/ptp-add-filter-all-releases-anut.user.js"}}