{"options":{"check_for_updates":true,"comment":null,"compatopts_for_requires":true,"compat_wrappedjsobject":false,"compat_metadata":false,"compat_foreach":false,"compat_arrayleft":false,"compat_uW_gmonkey":false,"compat_forvarin":false,"noframes":null,"awareOfChrome":false,"run_at":null,"override":{"use_includes":[],"orig_includes":[],"merge_includes":true,"use_matches":[],"orig_matches":["https://passthepopcorn.me/torrents.php*","https://passthepopcorn.me/collages.php?*id=*","https://passthepopcorn.me/top10.php","https://passthepopcorn.me/top10.php*type=movies*","https://passthepopcorn.me/top10.php?type=torrents*","https://passthepopcorn.me/artist.php*","https://passthepopcorn.me/user.php?id=*","https://passthepopcorn.me/bookmarks.php*"],"merge_matches":true,"use_excludes":[],"orig_excludes":["https://passthepopcorn.me/bookmarks.php?type=*"],"merge_excludes":true,"use_connects":[],"merge_connects":true,"use_blockers":[],"orig_run_at":"document-idle","orig_noframes":null}},"settings":{"enabled":true,"position":29},"meta":{"name":"PTP torrent highlighter","uuid":"4659a532-dc64-43e6-9037-5f36c7783659","modified":1701987820275}}