{"options":{"check_for_updates":false,"comment":null,"compatopts_for_requires":true,"compat_wrappedjsobject":false,"compat_metadata":false,"compat_foreach":false,"compat_arrayleft":false,"compat_uW_gmonkey":false,"compat_forvarin":false,"noframes":null,"awareOfChrome":false,"run_at":null,"override":{"use_includes":[],"orig_includes":["http*://*passthepopcorn.me/upload.php*"],"merge_includes":true,"use_matches":[],"orig_matches":[],"merge_matches":true,"use_excludes":[],"orig_excludes":[],"merge_excludes":true,"use_connects":["ptpimg.me"],"merge_connects":true,"use_blockers":[],"orig_run_at":"document-idle","orig_noframes":null}},"settings":{"enabled":true,"position":10},"meta":{"name":"PTP Upload or Rehost cover to ptpimg.me from upload page","uuid":"4e0c671e-53f9-4479-a6f2-eff5bb73531c","modified":1697647836568,"file_url":"https://www.dropbox.com/s/m2tpfhon9lp4ccy/PTP%20Upload%20or%20Rehost%20cover%20to%20ptpimg.me%20from%20upload%20page.user.js?dl=1"}}