{"options":{"check_for_updates":true,"comment":null,"compatopts_for_requires":true,"compat_wrappedjsobject":false,"compat_metadata":false,"compat_foreach":false,"compat_arrayleft":false,"compat_uW_gmonkey":false,"compat_forvarin":false,"noframes":null,"awareOfChrome":false,"run_at":null,"override":{"use_includes":[],"orig_includes":[],"merge_includes":true,"use_matches":[],"orig_matches":["https://passthepopcorn.me/","https://passthepopcorn.me/index.php","https://passthepopcorn.me/user.php*"],"merge_matches":true,"use_excludes":[],"orig_excludes":[],"merge_excludes":true,"use_connects":["letterboxd.com","imdb.com","dvdsreleasedates.com"],"merge_connects":true,"use_blockers":[],"orig_run_at":"document-idle","orig_noframes":null}},"settings":{"enabled":true,"position":3},"meta":{"name":"PTP - Coming Soon","uuid":"eb8cf587-4946-4626-b70c-0b1437cd0387","modified":1696625496654}}