{"options":{"check_for_updates":false,"comment":null,"compatopts_for_requires":true,"compat_wrappedjsobject":false,"compat_metadata":false,"compat_foreach":false,"compat_arrayleft":false,"compat_prototypes":true,"compat_uW_gmonkey":false,"compat_forvarin":false,"noframes":null,"awareOfChrome":false,"run_at":null,"override":{"use_includes":[],"orig_includes":["http*://*redacted.sh/upload.php*","http*://*redacted.sh/requests.php*","http*://*redacted.sh/torrents.php*","http*://*orpheus.network/upload.php*","http*://*orpheus.network/requests.php*","http*://*orpheus.network/torrents.php*","http*://*notwhat.cd/upload.php*","http*://*notwhat.cd/requests.php*","http*://*notwhat.cd/torrents.php*","http*://*dicmusic.club/upload.php*","http*://*dicmusic.club/requests.php*","http*://*dicmusic.club/torrents.php*","http*://*waffles.ch/upload.php*","http*://*waffles.ch/requests.php*","http*://*d3si.net/upload.php*","http*://*d3si.net/requests.php*","http*://*d3si.net/torrents.php*","http*://*.deepbassnine.com/upload.php*","http*://*.deepbassnine.com/requests.php*","http*://*.deepbassnine.com/torrents.php*"],"merge_includes":true,"use_matches":[],"orig_matches":[],"merge_matches":true,"use_excludes":[],"orig_excludes":[],"merge_excludes":true,"use_connects":["yadg.cc"],"merge_connects":true,"use_blockers":[],"orig_run_at":"document-idle","orig_noframes":null,"orig_connects":[]}},"settings":{"enabled":true,"position":15},"meta":{"name":"RED YADG","uuid":"2a2f393a-d393-454e-9ca0-f960dfe19d75","modified":1732436918964,"file_url":"https://github.com/SavageCore/yadg-pth-userscript/raw/master/pth_yadg.user.js"}}