{"options":{"check_for_updates":false,"comment":null,"compatopts_for_requires":true,"compat_wrappedjsobject":false,"compat_metadata":false,"compat_foreach":false,"compat_arrayleft":false,"compat_uW_gmonkey":false,"compat_forvarin":false,"noframes":null,"awareOfChrome":false,"run_at":null,"override":{"use_includes":[],"orig_includes":["/https://redacted\\.sh/upload\\.php/"],"merge_includes":true,"use_matches":[],"orig_matches":[],"merge_matches":true,"use_excludes":[],"orig_excludes":[],"merge_excludes":true,"use_connects":[],"merge_connects":true,"use_blockers":[],"orig_run_at":"document-idle","orig_noframes":null,"orig_connects":[]}},"settings":{"enabled":true,"position":23},"meta":{"name":"Redacted :: Import JSON to Upload Form","uuid":"fe0d4844-3947-4b51-93e4-f296afec3626","modified":1732437056931,"file_url":"https://greasyfork.org/scripts/393534-redacted-import-json-to-upload-form/code/Redacted%20::%20Import%20JSON%20to%20Upload%20Form.user.js"}}