{"options":{"check_for_updates":true,"comment":null,"compatopts_for_requires":true,"compat_wrappedjsobject":false,"compat_metadata":false,"compat_foreach":false,"compat_arrayleft":false,"compat_uW_gmonkey":false,"compat_forvarin":false,"noframes":null,"awareOfChrome":false,"run_at":null,"override":{"use_includes":[],"orig_includes":[],"merge_includes":true,"use_matches":[],"orig_matches":["http://*.overdrive.com/*account/loans","https://*.overdrive.com/*account/loans"],"merge_matches":true,"use_excludes":[],"orig_excludes":[],"merge_excludes":true,"use_connects":[],"merge_connects":true,"use_blockers":[],"orig_run_at":"document-idle","orig_noframes":null}},"settings":{"enabled":true,"position":14},"meta":{"name":"Return every book to Overdrive","uuid":"474eb094-024f-4467-9c9e-e3f304af54a5","modified":1697695642540,"file_url":"https://greasyfork.org/scripts/402911-return-every-book-to-overdrive/code/Return%20every%20book%20to%20Overdrive.user.js"}}