{"options":{"check_for_updates":true,"comment":null,"compatopts_for_requires":true,"compat_wrappedjsobject":false,"compat_metadata":false,"compat_foreach":false,"compat_arrayleft":false,"compat_uW_gmonkey":false,"compat_forvarin":false,"noframes":null,"awareOfChrome":false,"run_at":null,"override":{"use_includes":[],"orig_includes":[],"merge_includes":true,"use_matches":[],"orig_matches":["https://broadcasthe.net/torrents.php?id=*"],"merge_matches":true,"use_excludes":[],"orig_excludes":[],"merge_excludes":true,"use_connects":[],"merge_connects":true,"use_blockers":[],"orig_run_at":"document-idle","orig_noframes":null}},"settings":{"enabled":true,"position":40},"meta":{"name":"Subtitle Flags (BTN)","uuid":"568be913-f8b7-4c7d-9321-a6178e3aaf1c","modified":1704735868692,"file_url":"https://gist.github.com/bugalicious/68479af79de5dedc587b00ac7bcc11b1/raw/53d65b11bed6473eeccd98acde1fe20502855d4a/subtitle-flags.user.js"}}