{"options":{"check_for_updates":false,"comment":null,"compatopts_for_requires":true,"compat_wrappedjsobject":false,"compat_metadata":false,"compat_foreach":false,"compat_arrayleft":false,"compat_uW_gmonkey":false,"compat_forvarin":false,"noframes":null,"awareOfChrome":false,"run_at":null,"override":{"use_includes":[],"orig_includes":[],"merge_includes":true,"use_matches":[],"orig_matches":["https://www.twitch.tv/*","https://dashboard.twitch.tv/*"],"merge_matches":true,"use_excludes":[],"orig_excludes":[],"merge_excludes":true,"use_connects":[],"merge_connects":true,"use_blockers":[],"orig_run_at":"document-idle","orig_noframes":null,"orig_connects":[]}},"settings":{"enabled":true,"position":44},"meta":{"name":"Twitch Auto Channel Points Claimer","uuid":"55361035-1f55-4d98-82cd-684bf0073a3c","modified":1735261920616,"file_url":"https://update.greasyfork.org/scripts/392348/Twitch%20Auto%20Channel%20Points%20Claimer.user.js"}}