{"options":{"check_for_updates":false,"comment":null,"compatopts_for_requires":true,"compat_wrappedjsobject":false,"compat_metadata":false,"compat_foreach":false,"compat_arrayleft":false,"compat_uW_gmonkey":false,"compat_forvarin":false,"noframes":null,"awareOfChrome":false,"run_at":null,"override":{"use_includes":[],"orig_includes":[],"merge_includes":true,"use_matches":[],"orig_matches":["https://animebytes.tv/*","https://www.empornium.sx/*","https://www.empornium.me/*","https://www.empornium.is/*","https://oppaiti.me/*","https://avistaz.to/*","https://privatehd.to/*","https://cinemaz.to/*","https://exoticaz.to/*","https://filelist.ro/*","https://filelist.io/*","https://flro.org/*","https://*.jpopsuki.eu/*","https://*.morethan.tv/*","https://redacted.ch/*","https://pornbay.org/*","https://gazellegames.net/*","https://awesome-hd.me/*","https://nebulance.io/*","https://anthelion.me/*","https://hdf.world/*","https://hd-space.org/*","http://www.xspeeds.eu/*","https://www.xspeeds.eu/*","http://alpharatio.cc/*","https://alpharatio.cc/*","https://uhdbits.org/*","https://32pag.es/*","https://orpheus.network/*","https://*.pixelcove.me/*","https://bemaniso.ws/*","http://broadcasthe.net/*","https://broadcasthe.net/*","https://*.ast4u.me/*","https://*.animeworld.cx/*","https://hdbits.org/*","http://tv-vault.me/*","https://tv-vault.me/*","https://baconbits.org/*","https://*.hd-torrents.org/*","https://*.hdts.ru/*","https://*.myanonamouse.net/*","https://nostalgic.to/*","https://nostalgic.is/*","https://*.revolutiontt.me/*","http://*.immortalseed.me/*","https://*.immortalseed.me/*","https://ncore.cc/*","https://ncore.nu/*","https://ncore.pro/*","https://animetorrents.me/*","https://totheglory.im/*","https://u2.dmhy.org/*","https://*.iptorrents.com/*","https://*.ipt.cool/*","https://*.ipt.world/*","https://*.ipt.lol/*","https://*.ip.findnemo.net/*","https://*.ip.getcrazy.me/*","https://*.ip.venom.global/*","https://*.ip.workisboring.net/*","https://drunkenslug.com/*","https://blutopia.xyz/*","https://asiancinema.me/*","http://nethd.org/*","https://nethd.org/*","http://*.totallykids.tv/*","http://*.cartoonchaos.org/*","https://downloadville.net/*","https://secret-cinema.pw/*","https://biotorrents.de/*","https://x-ite.me/*","https://milkie.cc/*","https://vhstapes.org/*","https://pterclub.com/*","https://*.hd-torrents.net/*","https://*.hd-torrents.me/*","https://*.m-team.cc/*","https://beta.animez.to/*","https://libble.me/*","http://retroflix.club/*","https://retroflix.club/*","https://*.hon3yhd.com/*","http://*.hon3yhd.com/*","https://sugoimusic.me/*","https://*.happyfappy.org/*","https://*.cheggit.me/*","http://*.lesbians4u.org/*","https://*.cathode-ray.tube/*"],"merge_matches":true,"use_excludes":[],"orig_excludes":[],"merge_excludes":true,"use_connects":[],"merge_connects":true,"use_blockers":[],"orig_run_at":"document-end","orig_noframes":null}},"settings":{"enabled":true,"position":18},"meta":{"name":"universal torrent gallery","uuid":"1f98f898-86b8-40cb-8d78-1971016502be","modified":1698869848235}}